Métrica,ClassWeight_Balanced
Accuracy,0.8808290155440415
Precision_0,0.3333333333333333
Recall_0,0.045454545454545456
F1_0,0.08
Precision_1,0.8894736842105263
Recall_1,0.9883040935672515
F1_1,0.9362880886426593
