Métrica,Con_SMOTE_y_Threshold
Accuracy,0.8911917098445595
Precision_0,0.6666666666666666
Recall_0,0.09090909090909091
F1_0,0.16
Precision_1,0.8947368421052632
Recall_1,0.9941520467836257
F1_1,0.9418282548476454
